No.,Quantity,Comment,Designator,Footprint
1,1,BH-18650-B1BA007,BT1,SMD_BH-18650-B1BA007
2,10,100nF,"C1,C4,C47,C63,C95,C98,C124,C144,C144,C144",C0603
3,10,10uF,"C2,C5,C10,C12,C43,C93,C118,C132,C136,C137",C0805
4,10,10nF,"C3,C35,C36,C38,C39,C41,C42,C44,C45,C46",C0603
5,5,100nF,"C6,C8,C138,C139,C141",C0805
6,2,47uF,"C7,C9",C1206
7,3,220pF,"C11,C13,C120",C0805
8,3,3.3uF,"C14,C16,C135",C0805
9,2,2.7nF,"C15,C17",C0603
10,6,22uF,"C94,C99,C104,C105,C106,C107",C0805
11,1,4.7nF,C96,C0603
12,1,200pF,C97,C0603
13,3,1uF,"C103,C126,C133",C0805
14,6,4.7uF,"C108,C109,C110,C111,C129,C131",C0805
15,1,4.7uF,C112,SMD_L3.2-W1.6-RD-1
16,3,100pF,"C113,C114,C115",C0805
17,2,68pF,"C116,C117",C0805
18,1,56nF,C119,C0805
19,1,NC,C121,C0805
20,2,1nF,"C125,C140",C0805
21,1,100uF,C127,SMD_BD6.3-L6.6
22,3,10nF,"C130,C134,C145",C0805
23,2,100uF,"C142,C143",SMD_BD6.3-L6.6
24,2,PJ-327A 5JJ,"CN3,CN4",PJ-327A5JJ
25,1,PJ-3760M,CN5,PJ-3760M
26,2,ST2045L,"D1,D10",TO-277_3P-L5.7-W4.2-LS6.5-BR-A
27,2,1N4148W,"D2,D3",SOD-123_L2.8-W1.8-LS3.7-RD
28,1,MBR0520LT1G,D4,SOD-123_L2.8-W1.8-LS3.7-RD
29,2,SS26-E3/52T,"D8,D9",SMB_L4.3-W3.6-LS5.4-R-RD
30,3,PEC11R-4015F-S0024,"E1,E2,E3",TH_PEC11R
31,1,FSMD300R,F2,F1812
32,1,BSMD1812-400-6V,F3,F1812
33,2,XF-155,"F4,F5",SMD_L10.5-W5.1
34,4,PJ-611E,"J1,J2,J4,J5",PJ-611E
35,1,BLM21PG331SN1D,L1,L0805
36,1,3.3uH,L2,SMD_L7.1-W6.6
37,1,2.2uH,L3,SMD_L7.2-W6.6
38,1,10uH,L4,SMD_L5.0-W5.0
39,4,NCD0805R1,"LED1,LED2,LED3,LED4",LED0805-RD
40,1,AFC07-S30ECC-00,OLED1,SMD_AFC07-S30ECC-00
41,1,12.288MHz,Q1,ASFL1-12.288MHZ-LCS-T
42,27,10kΩ,"R1,R2,R3,R4,R8,R10,R11,R13,R15,R26,R28,R29,R32,R34,R35,R38,R40,R41,R44,R45,R46,R47,R48,R49,R70,R72,R85",R0603
43,1,33kΩ,R6,R0603
44,5,4.99kΩ,"R7,R9,R61,R66,R67",R0603
45,3,590Ω,"R12,R14,U14",R0603
46,14,33Ω,"R16,R17,R18,R19,R20,R21,R22,R23,R24,R73,R74,R75,R76,R77",R0805
47,2,51.1Ω,"R27,R65",R1206
48,4,221Ω,"R55,R56,R88,R89",R0603
49,5,10Ω,"R58,R92,R93,R94,R94",R0603
50,1,24kΩ,R60,R0603
51,2,51kΩ,"R62,R84",R0805
52,2,1kΩ,"R63,R64",R0805
53,1,150kΩ,R71,R0402
54,1,900kΩ,R83,R0805
55,1,110kΩ,R87,R0805
56,2,1.5Ω,"R90,R91",R0805
57,3,CPG135001D01,"SW1,SW2,SW3",CPG135001D0X
58,2,MST-22D18G4-WT,"SW21,SW22",SW-TH_K3-2245S-L1
59,1,Side-mounted Non-locking Pushbutton Switch,SW23,Side-mounted Non-locking Pushbutton Switch
60,1,TYPE-C 16PIN 3MD(385),TYPEC1,USB-C-SMD
61,1,2.54-2*20,U1,HDR-TH_40P-P2.54-V-F-R2-C20-S2.54
62,1,CS4270-CZZ,U2,
63,1,TPS793475DBVREP,U11,SOT-23-5_L2.9-W1.6-P0.95-LS2.8-BR
64,1,HCPL-0631,U13,SOIC-8_L4.9-W3.9-P1.27-LS6.0-BL
65,1,MC74VHC1G08DFT2G,U16,SOT-353_L2.2-W1.4-P0.65-LS2.4-BR
66,1,FP6296XR-G1,U17,SOP-8_L4.9-W3.9-P1.27-LS6.0-BL-EP
67,1,ETA9740,U19,ESOP-8
68,1,SC4503TSKTRT,U20,SOT-23-5_L2.9-W1.6-P0.95-LS2.8-BL
69,1,1uH,U21,SMD_L2.5-W2.0
70,1,NCD0805B2,WORK1,LED0805
71,1,2.7inch oled + OLED COVER,same as norns shield,
71,3,Dual-threaded Hexagonal Copper Stud M2*16,,
72,3,Single-threaded Self-tapping Hexagonal Copper Stud M2.5*8+6,,
72,4,Self-tapping 2*6,,
73,3,Self-tapping 2.6*4,,
74,2,Self-tapping 2.6*12,,
75,4,M2.5*5 ,,
76,1,Raspberry PI 4B 1GB,,
77,1,Sandisk microSDHC UHS-1  32GB,,
